日期,股票代码,名称,收盘价,最高价,最低价,开盘价,前收盘,涨跌额,涨跌幅,换手率,成交量,成交金额,总市值,流通市值
2019-04-10,'300679,电连技术,36.28,36.9,35.47,35.9,37.08,-0.8,-2.1575,2.5698,3153078,113592638.64,7836480000.0,4451415814.08
2019-04-09,'300679,电连技术,37.08,38.0,36.31,36.82,36.77,0.31,0.8431,1.9565,2400563,89628348.75,8009280000.0,4549572722.88
2019-04-08,'300679,电连技术,36.77,37.79,36.42,37.45,37.8,-1.03,-2.7249,2.5734,3157444,116862207.62,7942320000.0,4511536920.72
2019-04-04,'300679,电连技术,37.8,37.98,36.6,37.5,37.96,-0.16,-0.4215,5.6991,6992515,259987556.83,8164800000.0,4637913940.8
2019-04-03,'300679,电连技术,37.96,38.29,37.56,37.95,37.91,0.05,0.1319,3.5777,4389750,166251423.0,8199360000.0,4657545322.56
2019-04-02,'300679,电连技术,37.91,39.79,37.63,37.71,38.08,-0.17,-0.4464,6.1501,7545949,291551427.47,8188560000.0,4651410515.76
2019-04-01,'300679,电连技术,38.08,38.68,36.0,36.0,35.16,2.92,8.3049,7.1527,8776083,333781230.6,8225280000.0,4672268858.88
2019-03-29,'300679,电连技术,35.16,35.2,33.65,34.18,34.18,0.98,2.8672,2.1226,2604370,90146119.0,7594560000.0,4313996141.76
2019-03-28,'300679,电连技术,34.18,35.39,33.52,33.62,33.89,0.29,0.8557,1.956,2399897,83038591.5,7382880000.0,4193753928.48
2019-03-27,'300679,电连技术,33.89,34.78,33.4,34.5,34.34,-0.45,-1.3104,1.756,2154550,73093505.8,7320240000.0,4158172049.04
2019-03-26,'300679,电连技术,34.34,35.71,34.23,35.46,35.46,-1.12,-3.1585,2.2771,2793916,97960164.3,7417440000.0,4213385310.24
2019-03-25,'300679,电连技术,35.46,35.58,33.8,34.3,34.71,0.75,2.1608,3.0239,3710212,130463527.99,7659360000.0,4350804982.56
2019-03-22,'300679,电连技术,34.71,35.27,34.1,35.27,35.23,-0.52,-1.476,2.1736,2666873,92397519.32,7497360000.0,4258782880.56
2019-03-21,'300679,电连技术,35.23,35.7,34.85,34.99,35.0,0.23,0.6571,1.9969,2450063,86373689.54,7609680000.0,4322584871.28
2019-03-20,'300679,电连技术,35.0,35.88,34.48,35.75,35.74,-0.74,-2.0705,1.8107,2221644,77995207.99,7560000000.0,4294364760.0
2019-03-19,'300679,电连技术,35.74,36.65,35.4,36.65,36.46,-0.72,-1.9748,2.7228,3340760,119599824.76,7719840000.0,4385159900.64
2019-03-18,'300679,电连技术,36.46,36.5,34.65,35.39,35.19,1.27,3.609,4.3581,5347275,191647603.33,7875360000.0,4473501118.56
2019-03-15,'300679,电连技术,35.19,35.46,34.6,35.22,35.02,0.17,0.4854,2.6131,3206167,112210721.32,7601040000.0,4317677025.84
2019-03-14,'300679,电连技术,35.02,35.23,33.82,34.68,34.5,0.52,1.5072,3.3949,4165455,144624103.77,7564320000.0,4296818682.72
2019-03-13,'300679,电连技术,34.5,36.43,34.16,36.13,36.45,-1.95,-5.3498,4.9588,6084310,215506108.46,7452000000.0,4233016692.0
2019-03-12,'300679,电连技术,36.45,37.52,35.9,37.13,36.84,-0.39,-1.0586,5.0175,6156283,225369100.88,7873200000.0,4472274157.2
2019-03-11,'300679,电连技术,36.84,37.2,34.61,34.63,35.4,1.44,4.0678,5.2719,6468441,233808557.62,7957440000.0,4520125650.24
2019-03-08,'300679,电连技术,35.4,37.1,34.8,35.5,36.55,-1.15,-3.1464,4.11,5042779,180815448.39,7646400000.0,4343443214.4
2019-03-07,'300679,电连技术,36.55,36.7,35.78,36.28,36.88,-0.33,-0.8948,4.9733,6102094,221759832.22,7894800000.0,4484543770.8
2019-03-06,'300679,电连技术,36.88,37.58,35.51,37.51,37.34,-0.46,-1.2319,5.1772,6352255,232095263.85,7966080000.0,4525033495.68
2019-03-05,'300679,电连技术,37.34,38.6,35.77,36.0,36.78,0.56,1.5226,6.9061,8473540,315103850.43,8065440000.0,4581473718.24
2019-03-04,'300679,电连技术,36.78,36.95,33.73,33.73,33.59,3.19,9.4969,8.6261,10583835,379696630.62,7944480000.0,4512763882.08
2019-03-01,'300679,电连技术,33.59,33.59,32.6,33.0,32.72,0.87,2.6589,3.8806,4761300,158316018.96,7255440000.0,4121363208.24
2019-02-28,'300679,电连技术,32.72,33.88,32.45,32.99,33.28,-0.56,-1.6827,3.3626,4125811,136501923.04,7067520000.0,4014617569.92
2019-02-27,'300679,电连技术,33.28,34.96,32.38,34.03,34.5,-1.22,-3.5362,5.7301,7030671,236436314.69,7188480000.0,4083327406.08
2019-02-26,'300679,电连技术,34.5,37.92,34.33,35.6,34.98,-0.48,-1.3722,9.7063,11909215,424928494.95,7452000000.0,4233016692.0
2019-02-25,'300679,电连技术,34.98,34.98,32.51,33.45,31.8,3.18,10.0,7.913,9708949,330478629.39,7555680000.0,4291910837.28
2019-02-22,'300679,电连技术,31.8,31.8,29.05,29.34,28.91,2.89,9.9965,8.5836,10531746,326472971.23,6868800000.0,3901737124.8
2019-02-21,'300679,电连技术,28.91,29.98,28.23,28.47,28.49,0.42,1.4742,5.1894,6367159,187333847.87,6244560000.0,3547145291.76
2019-02-20,'300679,电连技术,28.49,28.89,27.96,28.69,28.64,-0.15,-0.5237,2.005,2460094,69853316.48,6153840000.0,3495612914.64
2019-02-19,'300679,电连技术,28.64,29.3,28.52,29.26,29.26,-0.62,-2.1189,2.831,3473584,100397133.65,6186240000.0,3514017335.04
2019-02-18,'300679,电连技术,29.26,29.36,28.59,28.68,28.58,0.68,2.3793,3.5317,4333214,125977330.92,6320160000.0,3590088939.36
2019-02-15,'300679,电连技术,28.58,28.75,28.31,28.6,28.43,0.15,0.5276,2.1971,2695807,76936267.47,6173280000.0,3506655566.88
2019-02-14,'300679,电连技术,28.43,28.99,28.12,28.99,28.54,-0.11,-0.3854,2.1353,2619985,74494128.46,6140880000.0,3488251146.48
2019-02-13,'300679,电连技术,28.54,28.94,26.86,27.1,26.96,1.58,5.8605,3.1537,3869511,108874952.94,6164640000.0,3501747721.44
2019-02-12,'300679,电连技术,26.96,27.3,26.62,26.83,26.79,0.17,0.6346,1.262,1548432,41766140.92,5823360000.0,3307887826.56
2019-02-11,'300679,电连技术,26.79,26.85,25.9,25.9,25.85,0.94,3.6364,1.1868,1456180,38674801.6,5786640000.0,3287029483.44
2019-02-01,'300679,电连技术,25.85,25.99,25.2,25.2,25.16,0.69,2.7424,1.012,1241746,31927124.8,5583600000.0,3171695115.6
2019-01-31,'300679,电连技术,25.16,25.64,25.01,25.38,25.02,0.14,0.5596,0.7998,981332,24866452.99,5434560000.0,3087034781.76
2019-01-30,'300679,电连技术,25.02,25.7,24.82,25.1,25.42,-0.4,-1.5736,0.9884,1212742,30718117.95,5404320000.0,3069857322.72
2019-01-29,'300679,电连技术,25.42,26.24,24.7,26.24,26.39,-0.97,-3.6756,1.7476,2144192,54365398.12,5490720000.0,3118935777.12
2019-01-28,'300679,电连技术,26.39,26.61,26.08,26.2,26.18,0.21,0.8021,1.5097,1852325,48887044.4,5700240000.0,3237951029.04
2019-01-25,'300679,电连技术,26.18,28.22,26.02,28.22,28.53,-2.35,-8.2369,4.4971,5517715,147701169.28,5654880000.0,3212184840.48
2019-01-24,'300679,电连技术,28.53,28.87,27.62,28.02,27.96,0.57,2.0386,1.608,1972960,56122020.4,6162480000.0,3500520760.08
2019-01-23,'300679,电连技术,27.96,28.15,27.57,27.61,27.94,0.02,0.0716,1.1325,1389500,38685430.8,6039360000.0,3430583962.56
2019-01-22,'300679,电连技术,27.94,28.88,27.88,28.5,28.59,-0.65,-2.2735,1.4645,1796826,50811542.72,6035040000.0,3428130039.84
2019-01-21,'300679,电连技术,28.59,28.98,28.14,28.3,28.36,0.23,0.811,1.8159,2228073,63756273.09,6175440000.0,3507882528.24
2019-01-18,'300679,电连技术,28.36,28.62,27.89,28.53,28.41,-0.05,-0.176,1.7167,2106368,59512085.31,6125760000.0,3479662416.96
2019-01-17,'300679,电连技术,28.41,28.87,28.25,28.48,28.48,-0.07,-0.2458,1.5099,1852572,52877337.66,6136560000.0,3485797223.76
2019-01-16,'300679,电连技术,28.48,29.51,28.42,29.5,29.51,-1.03,-3.4903,2.4342,2986686,85975718.08,6151680000.0,3494385953.28
2019-01-15,'300679,电连技术,29.51,29.6,28.7,29.08,29.21,0.3,1.027,2.0598,2527260,74102372.0,6374160000.0,3620762973.36
2019-01-14,'300679,电连技术,29.21,30.15,28.8,30.15,30.16,-0.95,-3.1499,2.8674,3518180,103159341.94,6309360000.0,3583954132.56
2019-01-11,'300679,电连技术,30.16,30.5,29.51,30.15,30.14,0.02,0.0664,3.5014,4296124,128755813.12,6514560000.0,3700515461.76
2019-01-10,'300679,电连技术,30.14,30.75,28.51,28.66,28.59,1.55,5.4215,5.4565,6694975,200415033.31,6510240000.0,3698061539.04
2019-01-09,'300679,电连技术,28.59,29.67,28.18,28.53,28.46,0.13,0.4568,3.1286,3838656,111419631.84,6175440000.0,3507882528.24
2019-01-08,'300679,电连技术,28.46,29.24,28.26,28.98,29.24,-0.78,-2.6676,2.7972,3432106,98490994.37,6147360000.0,3491932030.56
2019-01-07,'300679,电连技术,29.24,29.45,27.83,28.46,28.06,1.18,4.2053,4.1645,5109639,147237567.92,6315840000.0,3587635016.64
2019-01-04,'300679,电连技术,28.06,28.48,26.23,26.53,26.56,1.5,5.6476,2.8554,3503427,96568687.95,6060960000.0,3442853576.16
2019-01-03,'300679,电连技术,26.56,28.27,26.53,27.91,28.12,-1.56,-5.5477,3.094,3796245,103151917.17,5736960000.0,3258809372.16
2019-01-02,'300679,电连技术,28.12,28.88,27.24,27.57,27.27,0.85,3.117,3.5261,4326373,122044231.58,6073920000.0,3450215344.32
2018-12-28,'300679,电连技术,27.27,27.89,26.88,27.86,27.59,-0.32,-1.1598,2.3882,2930185,80220380.43,5890320000.0,3345923628.72
2018-12-27,'300679,电连技术,27.59,28.88,27.59,28.11,27.9,-0.31,-1.1111,3.0369,3726188,105169345.86,5959440000.0,3385186392.24
2018-12-26,'300679,电连技术,27.9,29.05,27.88,28.2,28.58,-0.68,-2.3793,4.0689,4992385,141928884.68,6026400000.0,3423222194.4
2018-12-25,'300679,电连技术,28.58,29.2,26.5,26.97,27.3,1.28,4.6886,4.6702,5730212,158160561.55,6173280000.0,3506655566.88
2018-12-24,'300679,电连技术,27.3,27.47,26.33,26.33,26.33,0.97,3.684,3.6597,4490303,121556909.6,5896800000.0,3349604512.8
2018-12-21,'300679,电连技术,26.33,26.43,25.84,26.02,26.39,-0.06,-0.2274,2.1476,2635082,68859318.89,5687280000.0,3230589260.88
2018-12-20,'300679,电连技术,26.39,26.44,24.94,25.15,25.4,0.99,3.8976,3.673,4506665,117722087.82,5700240000.0,3237951029.04
2018-12-19,'300679,电连技术,25.4,25.8,24.59,24.72,24.71,0.69,2.7924,2.0153,2472666,63009059.4,5486400000.0,3116481854.4
2018-12-18,'300679,电连技术,24.71,25.34,24.48,24.92,25.09,-0.38,-1.5145,0.8272,1014931,25180832.41,5337360000.0,3031821520.56
2018-12-17,'300679,电连技术,25.09,25.14,24.32,24.55,24.86,0.23,0.9252,0.9936,1219082,30173305.78,5419440000.0,3078446052.24
2018-12-14,'300679,电连技术,24.86,26.1,24.83,25.83,25.8,-0.94,-3.6434,1.8676,2291426,58500510.46,5369760000.0,3050225940.96
2018-12-13,'300679,电连技术,25.8,26.0,25.6,25.95,25.61,0.19,0.7419,1.6276,1997006,51544123.47,5572800000.0,3165560308.8
2018-12-12,'300679,电连技术,25.61,26.48,25.51,26.3,25.98,-0.37,-1.4242,1.8351,2251581,58048062.65,5531760000.0,3142248042.96
2018-12-11,'300679,电连技术,25.98,26.07,24.43,24.43,24.39,1.59,6.5191,3.2781,4022126,103066926.04,5611680000.0,3187645613.28
2018-12-10,'300679,电连技术,24.39,24.95,24.25,24.92,25.12,-0.73,-2.9061,1.0409,1277092,31325784.24,5268240000.0,2992558757.04
2018-12-07,'300679,电连技术,25.12,25.41,24.78,24.99,24.9,0.22,0.8835,1.0999,1349512,33879688.56,5425920000.0,3082126936.32
2018-12-06,'300679,电连技术,24.9,25.74,24.63,25.14,25.38,-0.48,-1.8913,1.2788,1569041,39232789.08,5378400000.0,3055133786.4
2018-12-05,'300679,电连技术,25.38,25.6,24.98,25.23,25.62,-0.24,-0.9368,1.2288,1507707,38202352.69,5482080000.0,3114027931.68
2018-12-04,'300679,电连技术,25.62,25.75,25.08,25.15,25.29,0.33,1.3049,1.6113,1977020,50427549.4,5533920000.0,3143475004.32
2018-12-03,'300679,电连技术,25.29,25.88,24.2,24.2,23.85,1.44,6.0377,1.8001,2208640,55606018.0,5462640000.0,3102985279.44
2018-11-30,'300679,电连技术,23.85,23.98,23.25,23.45,23.68,0.17,0.7179,0.8895,1091380,25809803.2,5151600000.0,2926302843.6
2018-11-29,'300679,电连技术,23.68,24.94,23.57,24.69,24.53,-0.85,-3.4651,1.1922,1462777,35706746.16,5114880000.0,2905444500.48
2018-11-28,'300679,电连技术,24.53,24.55,23.87,24.16,24.22,0.31,1.2799,1.0547,1294080,31451154.2,5298480000.0,3009736216.08
2018-11-27,'300679,电连技术,24.22,24.43,23.98,24.03,23.83,0.39,1.6366,1.0314,1265457,30603738.49,5231520000.0,2971700413.92
2018-11-26,'300679,电连技术,23.83,24.51,23.69,24.5,24.34,-0.51,-2.0953,1.0344,1269120,30559255.4,5147280000.0,2923848920.88
2018-11-23,'300679,电连技术,24.34,25.86,24.3,25.77,25.78,-1.44,-5.5857,1.8826,2309871,57558969.4,5257440000.0,2986423950.24
2018-11-22,'300679,电连技术,25.78,26.13,25.61,25.78,25.67,0.11,0.4285,1.2398,1521158,39302339.1,5568480000.0,3163106386.08
2018-11-21,'300679,电连技术,25.67,25.74,25.15,25.45,25.45,0.22,0.8644,1.1695,1434931,36569295.7,5544720000.0,3149609811.12
2018-11-20,'300679,电连技术,25.45,25.96,25.41,25.8,26.06,-0.61,-2.3408,1.4803,1816246,46643402.4,5497200000.0,3122616661.2
2018-11-19,'300679,电连技术,26.06,26.57,25.78,26.32,26.42,-0.36,-1.3626,1.9249,2361751,61324859.22,5628960000.0,3197461304.16
2018-11-16,'300679,电连技术,26.42,26.59,25.86,26.34,26.32,0.1,0.3799,3.2698,4011897,104997372.92,5706720000.0,3241631913.12
2018-11-15,'300679,电连技术,26.32,26.52,24.2,24.2,24.25,2.07,8.5361,4.4781,5494506,139828751.68,5685120000.0,3229362299.52
2018-11-14,'300679,电连技术,24.25,24.55,24.2,24.5,24.52,-0.27,-1.1011,1.342,1646622,40084897.38,5238000000.0,2975381298.0
2018-11-13,'300679,电连技术,24.52,24.77,23.96,24.08,24.44,0.08,0.3273,1.9674,2413985,58834999.44,5296320000.0,3008509254.72
2018-11-12,'300679,电连技术,24.44,24.46,23.6,23.79,23.79,0.65,2.7322,1.743,2138580,51777147.04,5279040000.0,2998693563.84
2018-11-09,'300679,电连技术,23.79,23.9,23.05,23.09,23.36,0.43,1.8408,1.3362,1639437,38732778.44,5138640000.0,2918941075.44
2018-11-08,'300679,电连技术,23.36,24.05,23.31,23.72,23.52,-0.16,-0.6803,1.2269,1505360,35741318.4,5045760000.0,2866181736.96
2018-11-07,'300679,电连技术,23.52,24.0,23.42,23.8,23.61,-0.09,-0.3812,1.5238,1869653,44301891.01,5080320000.0,2885813118.72
2018-11-06,'300679,电连技术,23.61,23.77,23.12,23.63,23.83,-0.22,-0.9232,1.2714,1559917,36596459.09,5099760000.0,2896855770.96
2018-11-05,'300679,电连技术,23.83,24.38,23.5,23.83,23.87,-0.04,-0.1676,2.0474,2512124,60227427.28,5147280000.0,2923848920.88
2018-11-02,'300679,电连技术,23.87,23.95,23.45,23.62,23.37,0.5,2.1395,1.7806,2184670,51770328.8,5155920000.0,2928756766.32
2018-11-01,'300679,电连技术,23.37,23.94,23.31,23.46,23.47,-0.1,-0.4261,1.8739,2299205,54243323.9,5047920000.0,2867408698.32
2018-10-31,'300679,电连技术,23.47,23.73,23.01,23.26,23.2,0.27,1.1638,1.6028,1966570,45952859.95,5069520000.0,2879678311.92
2018-10-30,'300679,电连技术,23.2,23.36,22.65,22.94,22.92,0.28,1.2216,1.6482,2022255,46695556.49,5011200000.0,2846550355.2
2018-10-29,'300679,电连技术,22.92,23.39,22.2,22.47,22.76,0.16,0.703,1.5446,1895163,43204517.4,4950720000.0,2812195437.12
2018-10-26,'300679,电连技术,22.76,23.5,21.94,22.2,21.91,0.85,3.8795,1.9474,2389391,54296446.1,4916160000.0,2792564055.36
2018-10-25,'300679,电连技术,21.91,21.98,21.3,21.6,22.45,-0.54,-2.4053,1.2359,1516415,32808054.05,4732560000.0,2688272339.76
2018-10-24,'300679,电连技术,22.45,22.7,22.09,22.11,22.22,0.23,1.0351,0.9681,1187774,26598478.47,4849200000.0,2754528253.2
2018-10-23,'300679,电连技术,22.22,22.78,22.19,22.64,22.84,-0.62,-2.7145,1.3253,1626128,36497902.95,4799520000.0,2726308141.92
2018-10-22,'300679,电连技术,22.84,23.06,21.75,21.75,21.74,1.1,5.0598,1.8455,2264343,51151379.73,4933440000.0,2802379746.24
2018-10-19,'300679,电连技术,21.74,21.91,20.6,20.7,21.12,0.62,2.9356,1.0986,1347998,28939096.42,4695840000.0,2667413996.64
2018-10-18,'300679,电连技术,21.12,21.84,21.02,21.84,21.84,-0.72,-3.2967,0.9524,1168612,24908953.49,4561920000.0,2591342392.32
2018-10-17,'300679,电连技术,21.84,22.0,20.76,21.54,21.03,0.81,3.8516,1.3958,1712620,36936437.8,4717440000.0,2679683610.24
2018-10-16,'300679,电连技术,21.03,22.28,20.85,21.46,21.65,-0.62,-2.8637,0.9969,1223200,26409857.99,4542480000.0,2580299740.08
2018-10-15,'300679,电连技术,21.65,22.74,21.56,21.98,21.32,0.33,1.5478,1.4316,1756537,38960930.89,4676400000.0,2656371344.4
2018-10-12,'300679,电连技术,21.32,21.89,20.45,21.45,21.92,-0.6,-2.7372,1.6339,2004752,42460818.4,4605120000.0,2615881619.52
2018-10-11,'300679,电连技术,21.92,23.65,21.92,23.5,24.35,-2.43,-9.9795,1.7151,2104380,47365038.8,4734720000.0,2689499301.12
2018-10-10,'300679,电连技术,24.35,24.47,23.85,23.91,23.94,0.41,1.7126,0.8713,1069020,25888800.76,5259600000.0,2987650911.6
2018-10-09,'300679,电连技术,23.94,24.05,23.73,23.95,23.83,0.11,0.4616,0.5531,678600,16216162.23,5171040000.0,2937345495.84
2018-10-08,'300679,电连技术,23.83,24.78,23.78,24.78,24.85,-1.02,-4.1046,1.4342,1759652,42486360.54,5147280000.0,2923848920.88
2018-09-28,'300679,电连技术,24.85,25.0,24.42,24.92,24.9,-0.05,-0.2008,1.8466,2265761,55964150.48,5367600000.0,3048998979.6
2018-09-27,'300679,电连技术,24.9,26.22,24.78,26.22,26.12,-1.22,-4.6708,2.2924,2812712,71827889.97,5378400000.0,3055133786.4
2018-09-26,'300679,电连技术,26.12,26.3,25.99,26.2,26.08,0.04,0.1534,1.272,1560712,40764439.8,5641920000.0,3204823072.32
2018-09-25,'300679,电连技术,26.08,26.9,25.82,26.9,27.56,-1.48,-5.3701,2.8323,3475184,91058829.5,5633280000.0,3199915226.88
2018-09-21,'300679,电连技术,27.56,27.68,27.03,27.24,27.41,0.15,0.5472,1.5759,1933600,52847549.6,5952960000.0,3381505508.16
2018-09-20,'300679,电连技术,27.41,27.96,27.15,27.16,27.04,0.37,1.3683,1.3773,1689877,46560183.12,5920560000.0,3363101087.76
2018-09-19,'300679,电连技术,27.04,27.4,26.55,26.69,26.88,0.16,0.5952,1.1716,1437523,38903696.78,5840640000.0,3317703517.44
2018-09-18,'300679,电连技术,26.88,26.95,26.15,26.15,26.28,0.6,2.2831,0.7151,877423,23415946.07,5806080000.0,3298072135.68
2018-09-17,'300679,电连技术,26.28,26.79,26.18,26.79,26.85,-0.57,-2.1229,0.6076,745563,19665593.84,5676480000.0,3224454454.08
2018-09-14,'300679,电连技术,26.85,27.28,26.76,27.27,27.27,-0.42,-1.5402,0.8635,1059463,28556332.98,5799600000.0,3294391251.6
2018-09-13,'300679,电连技术,27.27,27.29,26.81,26.99,26.85,0.42,1.5642,1.1948,1466003,39758703.68,5890320000.0,3345923628.72
2018-09-12,'300679,电连技术,26.85,26.95,26.29,26.45,26.45,0.4,1.5123,0.9161,1123974,29941762.94,5799600000.0,3294391251.6
2018-09-11,'300679,电连技术,26.45,26.64,26.16,26.16,26.27,0.18,0.6852,0.7103,871498,23012928.72,5713200000.0,3245312797.2
2018-09-10,'300679,电连技术,26.27,27.25,26.14,26.78,26.96,-0.69,-2.5593,0.9236,1133174,30119179.18,5674320000.0,3223227492.72
2018-09-07,'300679,电连技术,26.96,27.36,26.62,26.65,26.68,0.28,1.0495,0.9693,1189340,32121002.67,5823360000.0,3307887826.56
2018-09-06,'300679,电连技术,26.68,27.14,26.52,26.66,26.96,-0.28,-1.0386,0.875,1073540,28796435.3,5762880000.0,3273532908.48
2018-09-05,'300679,电连技术,26.96,27.57,26.93,27.21,27.4,-0.44,-1.6058,1.0707,1313724,35810126.9,5823360000.0,3307887826.56
2018-09-04,'300679,电连技术,27.4,27.51,27.01,27.01,27.2,0.2,0.7353,1.1723,1438414,39320953.06,5918400000.0,3361874126.4
2018-09-03,'300679,电连技术,27.2,27.27,26.5,26.8,27.01,0.19,0.7034,0.799,980322,26285628.86,5875200000.0,3337334899.2
2018-08-31,'300679,电连技术,27.01,27.89,26.98,27.8,27.95,-0.94,-3.3631,1.2827,1573821,43075783.73,5834160000.0,3314022633.36
2018-08-30,'300679,电连技术,27.95,28.63,27.93,28.55,28.55,-0.6,-2.1016,1.0919,1339720,37698940.2,6037200000.0,3429357001.2
2018-08-29,'300679,电连技术,28.55,28.91,28.32,28.8,29.12,-0.57,-1.9574,1.8628,2285639,65332089.96,6166800000.0,3502974682.8
2018-08-28,'300679,电连技术,29.12,30.8,28.13,28.16,28.09,1.03,3.6668,3.5112,4308153,127110285.45,6289920000.0,3572911480.32
2018-08-27,'300679,电连技术,28.09,28.3,27.23,27.39,27.39,0.7,2.5557,1.646,2019615,56402407.45,6067440000.0,3446534460.24
2018-08-24,'300679,电连技术,27.39,27.5,27.21,27.3,27.44,-0.05,-0.1822,0.6347,778696,21321375.7,5916240000.0,3360647165.04
2018-08-23,'300679,电连技术,27.44,27.67,27.01,27.01,27.01,0.43,1.592,0.9733,1194225,32772290.32,5927040000.0,3366781971.84
2018-08-22,'300679,电连技术,27.01,27.67,26.98,27.6,27.76,-0.75,-2.7017,0.7896,968800,26443033.69,5834160000.0,3314022633.36
2018-08-21,'300679,电连技术,27.76,27.96,27.1,27.66,27.65,0.11,0.3978,1.3348,1637776,45172506.48,5996160000.0,3406044735.36
2018-08-20,'300679,电连技术,27.65,27.69,26.7,27.2,26.9,0.75,2.7881,1.1424,1401640,38235840.4,5972400000.0,3392548160.4
2018-08-17,'300679,电连技术,26.9,27.98,26.88,27.75,27.56,-0.66,-2.3948,0.9231,1132569,30996915.59,5810400000.0,3300526058.4
2018-08-16,'300679,电连技术,27.56,27.88,26.81,27.01,27.46,0.1,0.3642,1.1553,1417556,38986885.6,5952960000.0,3381505508.16
2018-08-15,'300679,电连技术,27.46,28.55,27.37,28.55,28.55,-1.09,-3.8179,1.2953,1589320,44328218.84,5931360000.0,3369235894.56
2018-08-14,'300679,电连技术,28.55,28.78,28.1,28.5,28.45,0.1,0.3515,1.1804,1448358,41206061.87,6166800000.0,3502974682.8
2018-08-13,'300679,电连技术,28.45,28.55,27.79,27.96,28.46,-0.01,-0.0351,1.3775,1690141,47687050.2,6145200000.0,3490705069.2
2018-08-10,'300679,电连技术,28.46,28.79,27.68,27.68,27.88,0.58,2.0803,1.7111,2099512,59327951.85,6147360000.0,3491932030.56
2018-08-09,'300679,电连技术,27.88,28.05,26.51,26.99,27.07,0.81,2.9922,1.5249,1870985,51987944.91,6022080000.0,3420768271.68
2018-08-08,'300679,电连技术,27.07,28.03,27.05,28.03,28.06,-0.99,-3.5282,1.1885,1458229,40118605.04,5847120000.0,3321384401.52
2018-08-07,'300679,电连技术,28.06,28.22,27.05,27.76,27.38,0.68,2.4836,1.6916,2075569,57288976.68,6060960000.0,3442853576.16
2018-08-06,'300679,电连技术,27.38,28.84,27.01,28.6,28.61,-1.23,-4.2992,1.4417,1768968,49294680.21,5914080000.0,3359420203.68
2018-08-03,'300679,电连技术,28.61,29.6,28.41,29.6,29.36,-0.75,-2.5545,1.0933,1341420,38968390.4,6179760000.0,3510336450.96
2018-08-02,'300679,电连技术,29.36,31.39,28.6,31.21,31.25,-1.89,-6.048,1.634,2004880,59736965.59,6341760000.0,3602358552.96
2018-08-01,'300679,电连技术,31.25,32.28,31.21,31.9,31.9,-0.65,-2.0376,0.7267,891628,28333294.79,6750000000.0,3834254250.0
2018-07-31,'300679,电连技术,31.9,32.3,31.11,31.8,33.7,-1.8,-5.3412,1.5274,1874073,59675540.13,6890400000.0,3914006738.4
2018-07-30,'300679,电连技术,33.7,34.79,33.7,34.25,34.93,-1.23,-3.5213,2.1786,1176460,40168934.06,7279200000.0,1819800000.0
2018-07-27,'300679,电连技术,34.93,35.71,34.87,35.71,35.71,-0.78,-2.1843,1.7442,941859,33132360.24,7544880000.0,1886220000.0
2018-07-26,'300679,电连技术,35.71,36.35,35.4,36.05,36.29,-0.58,-1.5982,2.2911,1237182,44128852.57,7713360000.0,1928340000.0
2018-07-25,'300679,电连技术,36.29,36.65,35.9,36.09,36.11,0.18,0.4985,2.624,1416950,51307480.07,7838640000.0,1959660000.0
2018-07-24,'300679,电连技术,36.11,36.26,35.37,35.8,35.85,0.26,0.7252,2.9694,1603458,57586522.86,7799760000.0,1949940000.0
2018-07-23,'300679,电连技术,35.85,35.87,35.16,35.83,35.85,0.0,0.0,2.6511,1431581,50822034.54,7743600000.0,1935900000.0
2018-07-20,'300679,电连技术,35.85,36.07,34.95,36.0,36.44,-0.59,-1.6191,3.2926,1778015,63317856.6,7743600000.0,1935900000.0
2018-07-19,'300679,电连技术,36.44,36.98,36.11,36.62,37.41,-0.97,-2.5929,3.6256,1957835,71516297.69,7871040000.0,1967760000.0
2018-07-18,'300679,电连技术,37.41,39.09,36.35,36.36,35.75,1.66,4.6434,7.6903,4152763,156714466.35,8080560000.0,2020140000.0
2018-07-17,'300679,电连技术,35.75,35.87,35.16,35.25,35.22,0.53,1.5048,2.4972,1348494,47874605.88,7722000000.0,1930500000.0
2018-07-16,'300679,电连技术,35.22,35.74,35.01,35.5,35.83,-0.61,-1.7025,2.1173,1143360,40280531.8,7607520000.0,1901880000.0
2018-07-13,'300679,电连技术,35.83,36.14,35.32,35.91,36.6,-0.77,-2.1038,3.9849,2151860,76834394.22,7739280000.0,1934820000.0
2018-07-12,'300679,电连技术,36.6,37.26,35.05,35.05,34.66,1.94,5.5972,4.8371,2612060,95110704.52,7905600000.0,1976400000.0
2018-07-11,'300679,电连技术,34.66,35.52,34.2,35.5,36.15,-1.49,-4.1217,2.8976,1564699,54405430.42,7486560000.0,1871640000.0
2018-07-10,'300679,电连技术,36.15,36.15,35.02,35.15,35.14,1.01,2.8742,3.0116,1626287,58226867.95,7808400000.0,1952100000.0
2018-07-09,'300679,电连技术,35.14,35.27,33.99,34.0,34.41,0.73,2.1215,2.14,1155620,40310539.88,7590240000.0,1897560000.0
2018-07-06,'300679,电连技术,34.41,35.25,33.68,34.11,34.0,0.41,1.2059,2.2472,1213504,41917501.41,7432560000.0,1858140000.0
2018-07-05,'300679,电连技术,34.0,36.08,34.0,35.6,35.89,-1.89,-5.2661,2.6071,1407842,49285349.94,7344000000.0,1836000000.0
2018-07-04,'300679,电连技术,35.89,37.26,35.6,37.12,37.42,-1.53,-4.0887,2.5838,1395245,50707810.67,7752240000.0,1938060000.0
2018-07-03,'300679,电连技术,37.42,37.46,35.7,35.9,35.99,1.43,3.9733,3.2377,1748341,64011805.7,8082720000.0,2020680000.0
2018-07-02,'300679,电连技术,35.99,37.62,35.52,37.22,37.61,-1.62,-4.3074,3.1906,1722910,63307256.6,7773840000.0,1943460000.0
2018-06-29,'300679,电连技术,37.61,37.81,36.4,36.62,36.6,1.01,2.7596,3.6732,1983548,74148409.29,8123760000.0,2030940000.0
2018-06-28,'300679,电连技术,36.6,37.95,36.11,36.25,36.11,0.49,1.357,4.2283,2283269,84760210.65,7905600000.0,1976400000.0
2018-06-27,'300679,电连技术,36.11,36.64,35.77,36.17,36.17,-0.06,-0.1659,2.2317,1205094,43562856.97,7799760000.0,1949940000.0
2018-06-26,'300679,电连技术,36.17,36.44,34.2,35.5,35.75,0.42,1.1748,2.7976,1510680,53952234.33,7812720000.0,1953180000.0
2018-06-25,'300679,电连技术,35.75,36.8,35.6,36.54,36.18,-0.43,-1.1885,2.5564,1380460,50008559.02,7722000000.0,1930500000.0
2018-06-22,'300679,电连技术,36.18,36.84,35.02,35.68,36.03,0.15,0.4163,3.1314,1690938,60807611.64,7814880000.0,1953720000.0
2018-06-21,'300679,电连技术,36.03,39.26,35.63,38.91,38.92,-2.89,-7.4255,5.7076,3082130,114829300.57,7782480000.0,1945620000.0
2018-06-20,'300679,电连技术,38.92,40.41,37.25,39.5,40.28,-1.36,-3.3764,7.0467,3805241,148608375.7,8406720000.0,2101680000.0
2018-06-19,'300679,电连技术,40.28,43.88,40.28,43.88,44.76,-4.48,-10.0089,6.2616,3381273,140004244.76,8700480000.0,2175120000.0
2018-06-15,'300679,电连技术,44.76,46.97,44.45,45.85,46.37,-1.61,-3.4721,8.6334,4662024,212215135.83,9668160000.0,2417040000.0
2018-06-14,'300679,电连技术,46.37,47.38,43.45,43.81,44.48,1.89,4.2491,11.9031,6427680,293561418.9,10015920000.0,2503980000.0
2018-06-13,'300679,电连技术,44.48,46.66,42.17,42.4,42.8,1.68,3.9252,9.1485,4940212,221786032.43,9607680000.0,2401920000.0
2018-06-12,'300679,电连技术,42.8,43.5,41.11,42.95,43.85,-1.05,-2.3945,4.795,2589323,110191471.5,9244800000.0,2311200000.0
2018-06-11,'300679,电连技术,43.85,45.48,43.2,43.43,44.35,-0.5,-1.1274,6.7869,3664934,162707876.83,9471600000.0,2367900000.0
2018-06-08,'300679,电连技术,44.35,45.52,40.8,40.8,41.38,2.97,7.1774,10.5314,5686961,252014974.6,9579600000.0,2394900000.0
2018-06-07,'300679,电连技术,41.38,43.62,41.36,43.61,43.32,-1.94,-4.4783,3.8094,2057084,86349188.44,8938080000.0,2234520000.0
2018-06-06,'300679,电连技术,77.98,78.63,77.0,77.0,76.44,1.54,2.0147,4.2904,1287131,100533555.74,9357600000.0,2339400000.0
2018-06-05,'300679,电连技术,76.44,76.51,75.02,75.04,74.84,1.6,2.1379,2.6292,788750,59794437.88,9172800000.0,2293200000.0
2018-06-04,'300679,电连技术,74.84,75.86,74.61,74.91,74.59,0.25,0.3352,1.5636,469079,35217478.23,8980800000.0,2245200000.0
2018-06-01,'300679,电连技术,74.59,75.98,73.73,74.02,74.17,0.42,0.5663,2.0806,624190,46701871.5,8950800000.0,2237700000.0
2018-05-31,'300679,电连技术,74.17,75.1,73.62,74.76,73.7,0.47,0.6377,2.201,660290,49057059.08,8900400000.0,2225100000.0
2018-05-30,'300679,电连技术,73.7,76.57,72.9,76.57,77.54,-3.84,-4.9523,3.3432,1002954,73978715.38,8844000000.0,2211000000.0
2018-05-29,'300679,电连技术,77.54,79.63,77.54,79.0,79.51,-1.97,-2.4777,2.2792,683768,53770378.16,9304800000.0,2326200000.0
2018-05-28,'300679,电连技术,79.51,80.78,79.43,80.48,78.9,0.61,0.7731,3.2659,979784,78441482.24,9541200000.0,2385300000.0
2018-05-25,'300679,电连技术,78.9,79.52,78.22,78.68,78.7,0.2,0.2541,2.002,600600,47437564.3,9468000000.0,2367000000.0
2018-05-24,'300679,电连技术,78.7,79.26,78.2,78.38,78.5,0.2,0.2548,1.6849,505464,39748143.08,9444000000.0,2361000000.0
2018-05-23,'300679,电连技术,78.5,79.7,78.5,79.55,80.0,-1.5,-1.875,2.8604,858128,67793117.54,9420000000.0,2355000000.0
2018-05-22,'300679,电连技术,80.0,80.43,77.54,77.99,78.12,1.88,2.4066,4.1703,1251097,99105561.62,9600000000.0,2400000000.0
2018-05-21,'300679,电连技术,78.12,78.51,77.71,78.21,77.51,0.61,0.787,2.8962,868862,67955975.45,9374400000.0,2343600000.0
2018-05-18,'300679,电连技术,77.51,77.76,75.88,76.06,76.01,1.5,1.9734,2.6951,808528,62448032.76,9301200000.0,2325300000.0
2018-05-17,'300679,电连技术,76.01,76.6,75.85,75.98,76.34,-0.33,-0.4323,1.1204,336128,25602573.6,9121200000.0,2280300000.0
2018-05-16,'300679,电连技术,76.34,76.88,76.0,76.75,76.9,-0.56,-0.7282,1.4088,422649,32298783.4,9160800000.0,2290200000.0
2018-05-15,'300679,电连技术,76.9,76.99,75.68,76.3,76.06,0.84,1.1044,1.884,565202,43128673.41,9228000000.0,2307000000.0
2018-05-14,'300679,电连技术,76.06,77.36,75.83,76.25,76.51,-0.45,-0.5882,1.5716,471493,36084434.08,9127200000.0,2281800000.0
2018-05-11,'300679,电连技术,76.51,78.0,76.5,77.78,77.68,-1.17,-1.5062,1.9925,597764,46085395.84,9181200000.0,2295300000.0
2018-05-10,'300679,电连技术,77.68,77.95,76.85,77.41,77.44,0.24,0.3099,2.2052,661555,51149730.04,9321600000.0,2330400000.0
2018-05-09,'300679,电连技术,77.44,77.7,75.77,75.94,75.94,1.5,1.9752,3.1928,957846,73744421.16,9292800000.0,2323200000.0
2018-05-08,'300679,电连技术,75.94,76.38,75.21,76.07,76.07,-0.13,-0.1709,1.8626,558786,42401469.98,9112800000.0,2278200000.0
2018-05-07,'300679,电连技术,76.07,76.15,74.3,74.65,74.65,1.42,1.9022,2.1075,632236,47745022.32,9128400000.0,2282100000.0
2018-05-04,'300679,电连技术,74.65,75.36,74.3,75.25,75.25,-0.6,-0.7973,1.5813,474389,35499126.01,8958000000.0,2239500000.0
2018-05-03,'300679,电连技术,75.25,75.28,72.84,73.5,73.64,1.61,2.1863,2.4092,722770,53756176.64,9030000000.0,2257500000.0
2018-05-02,'300679,电连技术,73.64,75.49,72.78,75.0,74.91,-1.27,-1.6954,2.479,743697,55013477.26,8836800000.0,2209200000.0
2018-04-27,'300679,电连技术,74.91,75.87,74.59,75.0,75.21,-0.3,-0.3989,1.6851,505538,37926084.84,8989200000.0,2247300000.0
2018-04-26,'300679,电连技术,75.21,77.41,75.2,77.3,77.86,-2.65,-3.4035,3.445,1033509,78637322.76,9025200000.0,2256300000.0
2018-04-25,'300679,电连技术,77.86,79.85,77.84,78.3,78.96,-1.1,-1.3931,3.0505,915157,72044509.46,9343200000.0,2335800000.0
2018-04-24,'300679,电连技术,78.96,79.45,75.97,76.33,76.32,2.64,3.4591,3.56,1068007,83337608.86,9475200000.0,2368800000.0
2018-04-23,'300679,电连技术,76.32,77.66,75.65,75.95,76.07,0.25,0.3286,1.8732,561962,43016448.23,9158400000.0,2289600000.0
2018-04-20,'300679,电连技术,76.07,78.66,75.85,78.05,78.51,-2.44,-3.1079,2.669,800700,61491492.98,9128400000.0,2282100000.0
2018-04-19,'300679,电连技术,78.51,79.35,76.88,77.45,77.73,0.78,1.0035,2.7214,816405,63735929.42,9421200000.0,2355300000.0
2018-04-18,'300679,电连技术,77.73,77.91,74.5,77.32,77.1,0.63,0.8171,3.2834,985027,75208304.4,9327600000.0,2331900000.0
2018-04-17,'300679,电连技术,77.1,78.97,77.01,78.5,78.16,-1.06,-1.3562,2.4551,736531,57298569.09,9252000000.0,2313000000.0
2018-04-16,'300679,电连技术,78.16,79.29,77.53,78.0,78.79,-0.63,-0.7996,2.2614,678426,53116420.67,9379200000.0,2344800000.0
2018-04-13,'300679,电连技术,78.79,79.8,78.57,79.18,79.11,-0.32,-0.4045,3.0017,900508,71025389.08,9454800000.0,2363700000.0
2018-04-12,'300679,电连技术,79.11,79.75,78.4,78.5,78.47,0.64,0.8156,3.51,1052986,83486155.69,9493200000.0,2373300000.0
2018-04-11,'300679,电连技术,78.47,78.92,77.81,78.08,77.92,0.55,0.7059,3.6991,1109738,86978063.53,9416400000.0,2354100000.0
2018-04-10,'300679,电连技术,77.92,81.52,77.0,81.44,85.33,-7.41,-8.6839,9.9367,2981023,235238146.28,9350400000.0,2337600000.0
2018-04-09,'300679,电连技术,85.33,86.75,83.99,85.9,86.61,-1.28,-1.4779,3.2215,966436,82394095.43,10239600000.0,2559900000.0
2018-04-04,'300679,电连技术,86.61,88.6,86.26,86.66,86.25,0.36,0.4174,3.4305,1029148,89853951.58,10393200000.0,2598300000.0
2018-04-03,'300679,电连技术,86.25,86.78,85.51,86.4,88.0,-1.75,-1.9886,3.6525,1095739,94241874.3,10350000000.0,2587500000.0
2018-04-02,'300679,电连技术,88.0,90.29,86.38,87.92,87.15,0.85,0.9753,5.8669,1760077,155425530.76,10560000000.0,2640000000.0
2018-03-30,'300679,电连技术,87.15,87.21,85.0,85.01,84.71,2.44,2.8804,4.9158,1474730,127324917.14,10458000000.0,2614500000.0
2018-03-29,'300679,电连技术,84.71,85.8,83.76,84.9,84.5,0.21,0.2485,2.5569,767075,64939712.92,10165200000.0,2541300000.0
2018-03-28,'300679,电连技术,84.5,85.49,84.03,84.37,85.9,-1.4,-1.6298,3.3501,1005032,85152972.44,10140000000.0,2535000000.0
2018-03-27,'300679,电连技术,85.9,88.0,85.41,87.0,83.11,2.79,3.357,5.6217,1686511,146165947.4,10308000000.0,2577000000.0
2018-03-26,'300679,电连技术,83.11,83.4,76.81,78.95,79.9,3.21,4.0175,3.5759,1072760,86606941.66,9973200000.0,2493300000.0
2018-03-23,'300679,电连技术,79.9,83.95,78.5,83.67,85.92,-6.02,-7.0065,4.6798,1403931,114750087.66,9588000000.0,2397000000.0
2018-03-22,'300679,电连技术,85.92,86.67,85.15,85.88,85.72,0.2,0.2333,2.0533,615999,52958651.22,10310400000.0,2577600000.0
2018-03-21,'300679,电连技术,85.72,88.62,85.6,88.5,88.0,-2.28,-2.5909,2.8902,867064,75809409.98,10286400000.0,2571600000.0
2018-03-20,'300679,电连技术,88.0,88.27,86.0,86.21,86.98,1.02,1.1727,2.5924,777723,68044977.47,10560000000.0,2640000000.0
2018-03-19,'300679,电连技术,86.98,87.29,85.0,85.01,85.79,1.19,1.3871,2.4049,721467,62597692.02,10437600000.0,2609400000.0
2018-03-16,'300679,电连技术,85.79,86.68,85.53,86.21,86.14,-0.35,-0.4063,1.851,555308,47884016.0,10294800000.0,2573700000.0
2018-03-15,'300679,电连技术,86.14,88.68,84.6,88.68,89.0,-2.86,-3.2135,4.4006,1320193,113875271.58,10336800000.0,2584200000.0
2018-03-14,'300679,电连技术,89.0,90.38,89.0,90.05,90.46,-1.46,-1.614,2.9767,893008,80041128.97,10680000000.0,2670000000.0
2018-03-13,'300679,电连技术,90.46,91.9,90.25,91.0,91.05,-0.59,-0.648,3.5202,1056056,96072141.33,10855200000.0,2713800000.0
2018-03-12,'300679,电连技术,91.05,93.86,90.22,90.36,88.7,2.35,2.6494,6.0746,1822376,167368251.92,10926000000.0,2731500000.0
2018-03-09,'300679,电连技术,88.7,89.0,86.72,86.88,86.88,1.82,2.0948,3.9891,1196728,105612653.2,10644000000.0,2661000000.0
2018-03-08,'300679,电连技术,86.88,87.2,85.69,85.72,86.15,0.73,0.8474,2.6619,798563,69101748.89,10425600000.0,2606400000.0
2018-03-07,'300679,电连技术,86.15,86.99,85.74,86.97,87.17,-1.02,-1.1701,2.4483,734500,63315092.49,10338000000.0,2584500000.0
2018-03-06,'300679,电连技术,87.17,87.99,85.01,85.25,85.2,1.97,2.3122,5.089,1526699,132680250.54,10460400000.0,2615100000.0
2018-03-05,'300679,电连技术,85.2,85.2,83.1,84.29,83.97,1.23,1.4648,2.2037,661111,55569899.32,10224000000.0,2556000000.0
2018-03-02,'300679,电连技术,83.97,86.0,83.7,84.41,85.35,-1.38,-1.6169,3.0072,902155,76245641.0,10076400000.0,2519100000.0
2018-03-01,'300679,电连技术,85.35,85.39,81.6,82.0,82.66,2.69,3.2543,4.1506,1245185,104452839.36,10242000000.0,2560500000.0
2018-02-28,'300679,电连技术,82.66,83.59,81.5,81.89,82.89,-0.23,-0.2775,2.254,676211,55792117.33,9919200000.0,2479800000.0
2018-02-27,'300679,电连技术,82.89,84.87,82.88,84.55,83.37,-0.48,-0.5757,4.2291,1268742,106359961.28,9946800000.0,2486700000.0
2018-02-26,'300679,电连技术,83.37,83.82,81.73,82.03,81.2,2.17,2.6724,3.5434,1063034,88071024.08,10004400000.0,2501100000.0
2018-02-23,'300679,电连技术,81.2,81.39,78.65,78.9,79.19,2.01,2.5382,2.2008,660247,52758168.99,9744000000.0,2436000000.0
2018-02-22,'300679,电连技术,79.19,79.47,78.35,78.35,78.32,0.87,1.1108,1.6713,501400,39638011.0,9502800000.0,2375700000.0
2018-02-14,'300679,电连技术,78.32,79.97,77.53,79.59,79.58,-1.26,-1.5833,1.4703,441076,34570625.88,9398400000.0,2349600000.0
2018-02-13,'300679,电连技术,79.58,80.5,79.51,80.26,80.2,-0.62,-0.7731,2.0678,620337,49567636.94,9549600000.0,2387400000.0
2018-02-12,'300679,电连技术,80.2,80.43,78.38,78.57,78.0,2.2,2.8205,2.589,776706,61982261.54,9624000000.0,2406000000.0
2018-02-09,'300679,电连技术,78.0,78.5,76.76,77.9,79.42,-1.42,-1.788,2.4193,725793,56224410.2,9360000000.0,2340000000.0
2018-02-08,'300679,电连技术,79.42,79.9,77.52,77.52,78.24,1.18,1.5082,2.1305,639144,50652137.52,9530400000.0,2382600000.0
2018-02-07,'300679,电连技术,78.24,78.97,76.51,78.67,77.05,1.19,1.5445,2.7196,815868,63576345.28,9388800000.0,2347200000.0
2018-02-06,'300679,电连技术,77.05,79.99,76.6,79.99,80.66,-3.61,-4.4756,4.4777,1343308,104244774.82,9246000000.0,2311500000.0
2018-02-05,'300679,电连技术,80.66,81.49,80.35,81.3,82.1,-1.44,-1.754,2.4372,731172,59105527.4,9679200000.0,2419800000.0
2018-02-02,'300679,电连技术,82.1,83.4,81.12,81.49,82.63,-0.53,-0.6414,3.0517,915496,75205483.06,9852000000.0,2463000000.0
2018-02-01,'300679,电连技术,82.63,84.74,82.18,84.0,84.26,-1.63,-1.9345,3.4955,1048649,87068429.18,9915600000.0,2478900000.0
2018-01-31,'300679,电连技术,84.26,89.24,83.77,89.0,90.6,-6.34,-6.9978,7.1931,2157934,184766325.56,10111200000.0,2527800000.0
2018-01-30,'300679,电连技术,90.6,91.44,89.88,90.3,90.71,-0.11,-0.1213,2.1256,637683,57659352.16,10872000000.0,2718000000.0
2018-01-29,'300679,电连技术,90.71,92.73,90.3,92.73,92.75,-2.04,-2.1995,3.3114,993424,90315089.51,10885200000.0,2721300000.0
2018-01-26,'300679,电连技术,92.75,94.5,91.72,94.02,94.18,-1.43,-1.5184,3.8158,1144731,106349477.07,11130000000.0,2782500000.0
2018-01-25,'300679,电连技术,94.18,97.5,94.15,97.5,96.15,-1.97,-2.0489,4.11,1232986,117722121.37,11301600000.0,2825400000.0
2018-01-24,'300679,电连技术,96.15,97.38,94.37,95.0,95.43,0.72,0.7545,4.3824,1314714,126471298.84,11538000000.0,2884500000.0
2018-01-23,'300679,电连技术,95.43,96.49,94.5,95.5,95.5,-0.07,-0.0733,2.953,885898,84554905.68,11451600000.0,2862900000.0
2018-01-22,'300679,电连技术,95.5,96.9,94.31,96.9,96.4,-0.9,-0.9336,3.7808,1134240,108194465.71,11460000000.0,2865000000.0
2018-01-19,'300679,电连技术,96.4,97.52,94.15,95.11,95.61,0.79,0.8263,5.2699,1580969,151486621.85,11568000000.0,2892000000.0
2018-01-18,'300679,电连技术,95.61,96.96,91.6,91.6,91.98,3.63,3.9465,7.3289,2198672,210028379.91,11473200000.0,2868300000.0
2018-01-17,'300679,电连技术,91.98,92.67,89.15,90.76,90.9,1.08,1.1881,3.6285,1088558,98925339.16,11037600000.0,2759400000.0
2018-01-16,'300679,电连技术,90.9,91.49,89.51,90.0,90.45,0.45,0.4975,2.814,844213,76648685.7,10908000000.0,2727000000.0
2018-01-15,'300679,电连技术,90.45,94.32,90.28,94.32,94.84,-4.39,-4.6288,4.5758,1372728,126359529.3,10854000000.0,2713500000.0
2018-01-12,'300679,电连技术,94.84,96.68,92.98,93.83,93.85,0.99,1.0549,4.709,1412706,134049955.4,11380800000.0,2845200000.0
2018-01-11,'300679,电连技术,93.85,95.28,92.38,93.4,94.54,-0.69,-0.7298,4.237,1271104,119131531.22,11262000000.0,2815500000.0
2018-01-10,'300679,电连技术,94.54,95.66,92.38,92.4,91.7,2.84,3.0971,6.8414,2052419,193324485.78,11344800000.0,2836200000.0
2018-01-09,'300679,电连技术,91.7,92.5,90.78,90.99,91.05,0.65,0.7139,2.6331,789942,72482704.97,11004000000.0,2751000000.0
2018-01-08,'300679,电连技术,91.05,91.49,90.0,90.38,91.35,-0.3,-0.3284,2.4291,728728,66023742.14,10926000000.0,2731500000.0
2018-01-05,'300679,电连技术,91.35,92.49,91.3,92.48,92.6,-1.25,-1.3499,3.1504,945108,86691486.48,10962000000.0,2740500000.0
2018-01-04,'300679,电连技术,92.6,92.88,92.2,92.87,92.93,-0.33,-0.3551,2.9982,899456,83164249.4,11112000000.0,2778000000.0
2018-01-03,'300679,电连技术,92.93,92.99,91.6,92.35,92.36,0.57,0.6172,2.6232,786965,72744633.21,11151600000.0,2787900000.0
2018-01-02,'300679,电连技术,92.36,92.77,91.01,92.49,92.12,0.24,0.2605,2.0625,618746,56816236.53,11083200000.0,2770800000.0
2017-12-29,'300679,电连技术,92.12,92.54,91.56,92.01,91.99,0.13,0.1413,1.6834,505016,46481362.96,11054400000.0,2763600000.0
2017-12-28,'300679,电连技术,91.99,93.52,90.62,90.7,90.7,1.29,1.4223,3.3895,1016858,93912668.15,11038800000.0,2759700000.0
2017-12-27,'300679,电连技术,90.7,92.11,90.66,91.92,91.91,-1.21,-1.3165,2.5754,772620,70468297.92,10884000000.0,2721000000.0
2017-12-26,'300679,电连技术,91.91,92.26,89.19,89.19,90.05,1.86,2.0655,2.9417,882500,80629150.38,11029200000.0,2757300000.0
2017-12-25,'300679,电连技术,90.05,92.8,89.53,92.8,92.38,-2.33,-2.5222,3.6061,1081820,97792438.5,10806000000.0,2701500000.0
2017-12-22,'300679,电连技术,92.38,93.42,91.86,92.01,92.99,-0.61,-0.656,1.7041,511217,47411299.08,11085600000.0,2771400000.0
2017-12-21,'300679,电连技术,92.99,95.26,90.68,95.25,95.27,-2.28,-2.3932,4.3359,1300781,120180239.39,11158800000.0,2789700000.0
2017-12-20,'300679,电连技术,95.27,96.79,95.12,96.01,96.49,-1.22,-1.2644,1.6339,490171,46963309.84,11432400000.0,2858100000.0
2017-12-19,'300679,电连技术,96.49,96.87,95.96,96.68,96.18,0.31,0.3223,1.3315,399444,38524089.34,11578800000.0,2894700000.0
2017-12-18,'300679,电连技术,96.18,97.91,95.6,97.52,97.03,-0.85,-0.876,1.597,479102,46225603.65,11541600000.0,2885400000.0
2017-12-15,'300679,电连技术,97.03,98.3,96.9,97.68,97.86,-0.83,-0.8482,2.0138,604126,58937398.52,11643600000.0,2910900000.0
2017-12-14,'300679,电连技术,97.86,97.95,96.7,97.09,97.09,0.77,0.7931,1.7364,520911,50700038.21,11743200000.0,2935800000.0
2017-12-13,'300679,电连技术,97.09,97.27,96.19,96.19,96.12,0.97,1.0092,1.2646,379372,36734046.4,11650800000.0,2912700000.0
2017-12-12,'300679,电连技术,96.12,99.73,96.04,99.0,99.19,-3.07,-3.0951,2.5842,775262,75473528.98,11534400000.0,2883600000.0
2017-12-11,'300679,电连技术,99.19,99.88,98.35,98.9,98.94,0.25,0.2527,1.7273,518193,51409033.17,11902800000.0,2975700000.0
2017-12-08,'300679,电连技术,98.94,99.8,96.58,97.0,96.9,2.04,2.1053,2.9725,891739,88207680.71,11872800000.0,2968200000.0
2017-12-07,'300679,电连技术,96.9,97.56,96.2,96.6,97.4,-0.5,-0.5133,1.7762,532864,51647812.23,11628000000.0,2907000000.0
2017-12-06,'300679,电连技术,97.4,97.47,94.88,95.92,95.91,1.49,1.5535,3.2237,967103,92784253.85,11688000000.0,2922000000.0
2017-12-05,'300679,电连技术,95.91,100.75,95.28,99.97,99.95,-4.04,-4.042,5.249,1574691,152978319.63,11509200000.0,2877300000.0
2017-12-04,'300679,电连技术,99.95,105.3,99.8,105.12,105.96,-6.01,-5.672,6.4285,1928548,196087288.79,11994000000.0,2998500000.0
2017-12-01,'300679,电连技术,105.96,106.55,104.33,105.0,105.38,0.58,0.5504,2.7141,814221,86041291.27,12715200000.0,3178800000.0
2017-11-30,'300679,电连技术,105.38,106.58,104.56,105.01,105.28,0.1,0.095,2.5512,765352,80886399.86,12645600000.0,3161400000.0
2017-11-29,'300679,电连技术,105.28,106.27,103.72,106.0,106.16,-0.88,-0.8289,3.248,974395,102099131.83,12633600000.0,3158400000.0
2017-11-28,'300679,电连技术,106.16,106.17,103.52,103.52,103.89,2.27,2.185,2.6136,784067,82445817.92,12739200000.0,3184800000.0
2017-11-27,'300679,电连技术,103.89,107.0,103.89,105.77,106.3,-2.41,-2.2672,3.3213,996400,105090953.95,12466800000.0,3116700000.0
2017-11-24,'300679,电连技术,106.3,107.48,104.74,105.57,105.69,0.61,0.5772,2.9793,893782,95107427.84,12756000000.0,3189000000.0
2017-11-23,'300679,电连技术,105.69,108.49,105.5,107.11,106.99,-1.3,-1.2151,3.9578,1187334,127284609.48,12682800000.0,3170700000.0
2017-11-22,'300679,电连技术,106.99,108.49,104.65,106.41,106.42,0.57,0.5356,3.5612,1068368,114149307.06,12838800000.0,3209700000.0
2017-11-21,'300679,电连技术,106.42,106.88,104.0,106.88,107.09,-0.67,-0.6256,4.2303,1269076,134090588.71,12770400000.0,3192600000.0
2017-11-20,'300679,电连技术,107.09,107.18,102.03,104.5,104.01,3.08,2.9613,4.5883,1376488,145435126.45,12850800000.0,3212700000.0
2017-11-17,'300679,电连技术,104.01,110.81,103.6,110.81,111.1,-7.09,-6.3816,8.1127,2433803,260078575.68,12481200000.0,3120300000.0
2017-11-16,'300679,电连技术,111.1,114.89,110.86,113.73,114.47,-3.37,-2.944,6.0196,1805891,203650173.15,13332000000.0,3333000000.0
2017-11-15,'300679,电连技术,114.47,117.93,112.9,116.0,117.01,-2.54,-2.1708,7.7478,2324341,267154693.09,13736400000.0,3434100000.0
2017-11-14,'300679,电连技术,117.01,119.97,114.9,116.15,116.15,0.86,0.7404,10.7595,3227837,379891673.67,14041200000.0,3510300000.0
2017-11-13,'300679,电连技术,116.15,118.48,114.76,115.0,115.33,0.82,0.711,7.5377,2261316,263693218.7,13938000000.0,3484500000.0
2017-11-10,'300679,电连技术,115.33,116.95,114.57,115.82,116.37,-1.04,-0.8937,6.4207,1926215,222763363.95,13839600000.0,3459900000.0
2017-11-09,'300679,电连技术,116.37,116.65,111.6,111.6,112.38,3.99,3.5505,8.4812,2544361,291872547.28,13964400000.0,3491100000.0
2017-11-08,'300679,电连技术,112.38,113.59,111.18,112.46,112.25,0.13,0.1158,5.5757,1672724,188013130.14,13485600000.0,3371400000.0
2017-11-07,'300679,电连技术,112.25,114.6,110.53,113.6,114.15,-1.9,-1.6645,5.4057,1621703,182611129.51,13470000000.0,3367500000.0
2017-11-06,'300679,电连技术,114.15,115.3,112.12,112.6,111.75,2.4,2.1477,5.2345,1570345,179095791.18,13698000000.0,3424500000.0
2017-11-03,'300679,电连技术,111.75,112.85,109.7,111.42,112.03,-0.28,-0.2499,4.5215,1356456,150284011.47,13410000000.0,3352500000.0
2017-11-02,'300679,电连技术,112.03,114.33,109.33,110.18,110.6,1.43,1.2929,7.4602,2238064,251889638.1,13443600000.0,3360900000.0
2017-11-01,'300679,电连技术,110.6,112.8,108.3,109.01,109.62,0.98,0.894,7.123,2136904,237643497.09,13272000000.0,3318000000.0
2017-10-31,'300679,电连技术,109.62,109.66,105.05,105.2,105.75,3.87,3.6596,7.0752,2122546,229924847.39,13154400000.0,3288600000.0
2017-10-30,'300679,电连技术,105.75,106.8,101.68,105.0,104.58,1.17,1.1188,5.3185,1595562,167137661.24,12690000000.0,3172500000.0
2017-10-27,'300679,电连技术,104.58,105.7,104.1,105.56,105.77,-1.19,-1.1251,2.6017,780509,81761965.29,12549600000.0,3137400000.0
2017-10-26,'300679,电连技术,105.77,106.29,103.69,104.33,104.4,1.37,1.3123,4.098,1229407,129125937.9,12692400000.0,3173100000.0
2017-10-25,'300679,电连技术,104.4,105.05,103.43,103.43,103.42,0.98,0.9476,2.3193,695788,72670984.2,12528000000.0,3132000000.0
2017-10-24,'300679,电连技术,103.42,105.19,102.78,104.69,104.69,-1.27,-1.2131,3.2938,988148,102532504.08,12410400000.0,3102600000.0
2017-10-23,'300679,电连技术,104.69,105.29,102.37,102.37,102.37,2.32,2.2663,4.9154,1474623,154324451.04,12562800000.0,3140700000.0
2017-10-20,'300679,电连技术,102.37,104.0,100.88,101.0,101.39,0.98,0.9666,2.7175,815245,83428762.75,12284400000.0,3071100000.0
2017-10-19,'300679,电连技术,101.39,101.97,99.77,101.01,100.93,0.46,0.4558,4.1637,1249099,125802800.0,12166800000.0,3041700000.0
2017-10-18,'300679,电连技术,100.93,105.3,100.03,104.46,104.45,-3.52,-3.37,5.2203,1566078,161539521.32,12111600000.0,3027900000.0
2017-10-17,'300679,电连技术,104.45,105.45,103.67,104.16,104.69,-0.24,-0.2292,3.6086,1082576,113028604.12,12534000000.0,3133500000.0
2017-10-16,'300679,电连技术,104.69,110.51,103.5,110.5,114.18,-9.49,-8.3114,12.8838,3865154,409154631.07,12562800000.0,3140700000.0
2017-10-13,'300679,电连技术,114.18,115.6,113.68,113.99,114.06,0.12,0.1052,3.8191,1145731,131815013.0,13701600000.0,3425400000.0
2017-10-12,'300679,电连技术,114.06,115.58,113.15,115.44,115.49,-1.43,-1.2382,3.2778,983333,112393836.74,13687200000.0,3421800000.0
2017-10-11,'300679,电连技术,115.49,117.95,115.33,116.93,117.41,-1.92,-1.6353,4.0369,1211079,140651998.16,13858800000.0,3464700000.0
2017-10-10,'300679,电连技术,117.41,117.55,115.8,116.01,116.42,0.99,0.8504,3.2044,961318,112216771.08,14089200000.0,3522300000.0
2017-10-09,'300679,电连技术,116.42,117.95,114.22,114.8,113.18,3.24,2.8627,5.3319,1599580,185109282.77,13970400000.0,3492600000.0
2017-09-29,'300679,电连技术,113.18,114.69,112.73,113.72,113.72,-0.54,-0.4749,4.0888,1226645,139250765.12,13581600000.0,3395400000.0
2017-09-28,'300679,电连技术,113.72,115.43,113.6,114.3,114.21,-0.49,-0.429,3.4941,1048233,120077361.52,13646400000.0,3411600000.0
2017-09-27,'300679,电连技术,115.21,116.5,114.39,114.39,114.9,0.31,0.2698,3.4346,1030379,119028156.66,13825200000.0,3456300000.0
2017-09-26,'300679,电连技术,114.9,120.83,113.53,120.1,120.09,-5.19,-4.3218,8.2069,2462070,286006194.03,13788000000.0,3447000000.0
2017-09-25,'300679,电连技术,120.09,122.79,119.6,121.6,121.66,-1.57,-1.2905,4.7898,1436925,174270243.94,14410800000.0,3602700000.0
2017-09-22,'300679,电连技术,121.66,122.75,118.5,119.5,119.97,1.69,1.4087,6.14,1842001,223137557.47,14599200000.0,3649800000.0
2017-09-21,'300679,电连技术,119.97,123.0,119.97,123.0,122.58,-2.61,-2.1292,5.0945,1528362,185324058.97,14396400000.0,3599100000.0
2017-09-20,'300679,电连技术,122.58,122.93,119.1,119.5,119.61,2.97,2.4831,6.1405,1842148,224754321.4,14709600000.0,3677400000.0
2017-09-19,'300679,电连技术,119.61,121.32,118.85,120.45,121.1,-1.49,-1.2304,4.2906,1287170,154650794.58,14353200000.0,3588300000.0
2017-09-18,'300679,电连技术,121.1,121.26,118.01,119.6,120.5,0.6,0.4979,5.106,1531785,183380417.89,14532000000.0,3633000000.0
2017-09-15,'300679,电连技术,120.5,122.9,119.81,122.9,123.38,-2.88,-2.3343,7.3686,2210578,267632563.81,14460000000.0,3615000000.0
2017-09-14,'300679,电连技术,123.38,127.6,123.16,124.8,125.16,-1.78,-1.4222,7.8255,2347660,293495954.54,14805600000.0,3701400000.0
2017-09-13,'300679,电连技术,125.16,125.6,123.39,124.51,124.68,0.48,0.385,5.801,1740306,216745151.96,15019200000.0,3754800000.0
2017-09-12,'300679,电连技术,124.68,128.9,124.61,128.3,129.04,-4.36,-3.3788,11.5377,3461315,437465136.79,14961600000.0,3740400000.0
2017-09-11,'300679,电连技术,129.04,130.96,124.77,124.99,124.94,4.1,3.2816,12.0619,3618578,466602471.27,15484800000.0,3871200000.0
2017-09-08,'300679,电连技术,124.94,126.68,122.61,122.62,123.46,1.48,1.1988,8.7041,2611234,325301101.49,14992800000.0,3748200000.0
2017-09-07,'300679,电连技术,123.46,130.0,123.2,124.5,124.65,-1.19,-0.9547,14.8441,4453230,563689264.05,14815200000.0,3703800000.0
2017-09-06,'300679,电连技术,124.65,125.7,117.01,118.99,119.68,4.97,4.1527,14.8181,4445420,538543633.0,14958000000.0,3739500000.0
2017-09-05,'300679,电连技术,119.68,121.66,119.08,119.64,119.62,0.06,0.0502,7.4087,2222619,267273377.09,14361600000.0,3590400000.0
2017-09-04,'300679,电连技术,119.62,123.0,119.5,122.3,122.97,-3.35,-2.7242,10.63,3189006,385073134.3,14354400000.0,3588600000.0
2017-09-01,'300679,电连技术,122.97,125.45,119.5,122.58,120.66,2.31,1.9145,14.8613,4458383,544900169.43,14756400000.0,3689100000.0
2017-08-31,'300679,电连技术,120.66,121.88,116.95,116.96,117.35,3.31,2.8206,11.9342,3580256,429828786.59,14479200000.0,3619800000.0
2017-08-30,'300679,电连技术,117.35,119.88,115.2,118.6,120.79,-3.44,-2.8479,15.0309,4509284,529533568.82,14082000000.0,3520500000.0
2017-08-29,'300679,电连技术,120.79,126.23,117.03,118.8,118.9,1.89,1.5896,22.6537,6796122,833912410.56,14494800000.0,3623700000.0
2017-08-28,'300679,电连技术,118.9,121.08,114.4,116.39,115.6,3.3,2.8547,20.3443,6103296,720469092.46,14268000000.0,3567000000.0
2017-08-25,'300679,电连技术,115.6,117.38,111.2,113.0,116.59,-0.99,-0.8491,19.2846,5785377,661276899.3,13872000000.0,3468000000.0
2017-08-24,'300679,电连技术,116.59,120.23,108.66,109.0,109.3,7.29,6.6697,28.2986,8489594,989524626.79,13990800000.0,3497700000.0
2017-08-23,'300679,电连技术,109.3,112.19,107.5,110.5,109.92,-0.62,-0.564,12.0251,3607538,395991196.16,13116000000.0,3279000000.0
2017-08-22,'300679,电连技术,109.92,111.28,106.6,107.42,107.66,2.26,2.0992,11.7874,3536212,386928004.28,13190400000.0,3297600000.0
2017-08-21,'300679,电连技术,107.66,108.18,105.39,105.39,105.93,1.73,1.6332,7.6514,2295430,245260984.5,12919200000.0,3229800000.0
2017-08-18,'300679,电连技术,105.93,108.99,105.6,107.89,109.68,-3.75,-3.419,11.9571,3587132,382807201.42,12711600000.0,3177900000.0
2017-08-17,'300679,电连技术,109.68,112.8,109.6,112.8,112.85,-3.17,-2.809,12.1899,3656972,405210476.54,13161600000.0,3290400000.0
2017-08-16,'300679,电连技术,112.85,114.27,107.38,108.96,109.33,3.52,3.2196,15.7787,4733622,528096220.46,13542000000.0,3385500000.0
2017-08-15,'300679,电连技术,109.33,111.89,107.66,108.14,108.14,1.19,1.1004,10.6261,3187824,349068423.72,13119600000.0,3279900000.0
2017-08-14,'300679,电连技术,108.14,109.98,104.8,104.93,104.78,3.36,3.2067,11.9039,3571174,385420249.16,12976800000.0,3244200000.0
2017-08-11,'300679,电连技术,104.78,107.48,104.7,105.5,106.05,-1.27,-1.1975,9.0705,2721160,288718680.78,12573600000.0,3143400000.0
2017-08-10,'300679,电连技术,106.05,108.38,105.1,106.5,107.65,-1.6,-1.4863,8.9803,2694080,286539949.99,12726000000.0,3181500000.0
2017-08-09,'300679,电连技术,107.65,108.5,104.12,107.0,106.71,0.94,0.8809,12.812,3843611,410837169.77,12918000000.0,3229500000.0
2017-08-08,'300679,电连技术,106.71,109.0,104.59,104.59,104.55,2.16,2.066,17.4347,5230399,559387266.1,12805200000.0,3201300000.0
2017-08-07,'300679,电连技术,104.55,107.69,103.7,105.88,105.5,-0.95,-0.9005,16.4739,4942171,522738391.99,12546000000.0,3136500000.0
2017-08-04,'300679,电连技术,105.5,112.8,104.68,111.39,110.6,-5.1,-4.6112,24.8947,7468404,802447218.88,12660000000.0,3165000000.0
2017-08-03,'300679,电连技术,110.6,116.99,110.5,116.82,118.0,-7.4,-6.2712,28.9016,8670488,987908798.78,13272000000.0,3318000000.0
2017-08-02,'300679,电连技术,118.0,118.0,108.0,118.0,107.27,10.73,10.0028,33.1224,9936722,1145381752.9,14160000000.0,3540000000.0
2017-08-01,'300679,电连技术,107.27,107.27,107.27,107.27,97.52,9.75,9.9979,0.0613,18376,1971193.52,12872400000.0,3218100000.0
2017-07-31,'300679,N电连,97.52,97.52,81.26,81.26,67.72,29.8,44.0047,0.097,29104,2824401.08,11702400000.0,2925600000.0
